{ "type": "APL", "version": "1.8", "license": "Copyright 2021 Amazon.com, Inc. or its affiliates. All Rights Reserved.\nSPDX-License-Identifier: LicenseRef-.amazon.com.-AmznSL-1.0\nLicensed under the Amazon Software License http://aws.amazon.com/asl/", "settings": {}, "theme": "dark", "import": [ { "name": "alexa-layouts", "version": "1.4.0" } ], "resources": [], "styles": {}, "onMount": [], "graphics": {}, "commands": {}, "layouts": {}, "mainTemplate": { "parameters": [ "payload" ], "items": [ { "type": "AlexaHeadline", "primaryText": "${payload.myData.Title}", "secondaryText": "${payload.myData.Subtitle}" } ] } } 