{
  "interactionModel": {
    "languageModel": {
      "invocationName": "hora do jogo",
      "intents": [
        {
          "name": "AMAZON.CancelIntent",
          "samples": []
        },
        {
          "name": "AMAZON.HelpIntent",
          "samples": []
        },
        {
          "name": "AMAZON.StopIntent",
          "samples": []
        },
        {
          "name": "AMAZON.NavigateHomeIntent",
          "samples": []
        },
        {
          "name": "HelloWorldIntent",
          "slots": [],
          "samples": [
            "olá",
            "como vai você",
            "diga oi mundo",
            "diga oi",
            "oi",
            "diga olá mundo",
            "diga olá"
          ]
        },
        {
          "name": "AMAZON.FallbackIntent",
          "samples": []
        },
        {
          "name": "AMAZON.YesIntent",
          "samples": []
        },
        {
          "name": "GetBirthdayIntent",
          "slots": [
            {
              "name": "month",
              "type": "AMAZON.Month",
              "samples": [
                "acho que em {month}",
                "em {month}",
                "sei lá o mês é {month}",
                "o mês é {month}",
                "{month}"
              ]
            },
            {
              "name": "year",
              "type": "AMAZON.FOUR_DIGIT_NUMBER",
              "samples": [
                "acho que {year}",
                "o ano foi {year}",
                "{year}"
              ]
            }
          ],
          "samples": [
            "em {month} de {year}",
            "{year}",
            "{month}",
            "{month} de {year}"
          ]
        }
      ],
      "types": []
    },
    "dialog": {
      "intents": [
        {
          "name": "GetBirthdayIntent",
          "confirmationRequired": false,
          "prompts": {},
          "slots": [
            {
              "name": "month",
              "type": "AMAZON.Month",
              "elicitationRequired": true,
              "confirmationRequired": false,
              "prompts": {
                "elicitation": "Elicit.Slot.80150258867.116609968357"
              }
            },
            {
              "name": "year",
              "type": "AMAZON.FOUR_DIGIT_NUMBER",
              "elicitationRequired": true,
              "confirmationRequired": false,
              "prompts": {
                "elicitation": "Elicit.Slot.80150258867.643731875373"
              }
            }
          ],
          "delegationStrategy": "ALWAYS"
        }
      ],
      "delegationStrategy": "ALWAYS"
    },
    "prompts": [
      {
        "id": "Elicit.Slot.80150258867.116609968357",
        "variations": [
          {
            "type": "PlainText",
            "value": "OK, e qual mês você acha que foi?"
          }
        ]
      },
      {
        "id": "Elicit.Slot.80150258867.643731875373",
        "variations": [
          {
            "type": "PlainText",
            "value": "Entendi, e qual foi o ano?"
          }
        ]
      }
    ]
  },
  "version": "5"
}